1	525
2	525
3	524
4	481
5	481
6	484
7	496
8	496
9	496
10	496
11	495
12	504
13	509
14	499
15	499
16	499
17	499
18	497
19	509
20	495
21	504
22	504
23	504
24	520
25	518
26	512
27	517
28	516
29	516
30	516
31	512
32	509
33	510
34	510
35	506
36	506
37	506
38	501
39	493
40	498
41	499
42	526
43	526
44	526
45	546
46	545
47	534
48	544
49	548
50	548
51	548
52	549
53	563
54	554
55	554
56	538
57	538
58	538
59	549
60	543
61	534
62	547
63	538
64	538
65	538
66	553
67	553
68	566
69	564
70	558
71	558
72	558
73	561
74	559
75	563
76	565
77	560
78	560
79	560
80	560
81	542
82	525
83	525
84	525
85	525
86	525
87	531
88	533
89	536
90	549
91	540
92	540
93	540
94	529
95	530
96	537
97	541
98	532
99	532
100	532
101	543
102	542
103	538
104	532
105	529
106	529
107	529
108	535
109	536
110	546
111	549
112	543
113	543
114	543
115	542
116	547
117	543
118	533
119	526
120	526
121	526
122	527
123	517
124	520
125	530
126	529
127	529
128	529
129	529
130	531
131	533
132	527
133	518
134	518
135	518
136	520
137	526
138	529
139	540
140	533
141	533
142	533
143	524
144	525
145	525
146	530
147	537
148	537
149	537
150	537
151	535
152	555
153	563
154	566
155	566
156	566
157	566
158	564
159	555
160	557
161	550
162	550
163	550
164	544
165	547
166	544
167	553
168	553
169	553
170	553
171	550
172	538
173	539
174	538
175	543
176	543
177	543
178	540
179	539
180	529
181	532
182	525
183	525
184	525
185	525
186	515
187	518
188	529
189	521
190	521
191	521
192	528
193	531
194	525
195	522
196	522
197	522
198	522
199	524
200	518
201	518
202	528
203	529
204	529
205	529
206	530
207	527
208	521
209	526
210	531
211	531
212	531
213	538
214	537
215	538
216	536
217	534
218	534
219	534
220	529
221	519
222	524
223	524
224	534
225	534
226	534
227	534
228	518
229	518
230	515
231	519
232	519
233	519
234	519
235	523
236	516
237	515
238	507
239	507
240	507
241	508
242	501
243	499
244	508
245	519
246	519
247	519
248	521
249	518
250	516
251	516
252	514
253	514
254	514
255	517
256	518
257	513
258	517
259	524
260	524
261	524
262	541
263	541
264	539
265	547
266	537
267	537
268	537
269	532
270	537
271	535
272	546
273	554
274	554
275	554
276	543
277	547
278	541
279	548
280	564
281	564
282	564
283	576
284	575
285	580
286	572
287	567
288	567
289	567
290	567
291	574
292	569
293	558
294	559
295	559
296	559
297	560
298	567
299	575
300	575
301	574
302	574
303	574
304	572
305	554
306	545
307	557
308	555
309	555
310	555
311	555
312	552
313	561
314	568
315	564
316	564
317	564
318	564
319	570
320	571
321	593
322	594
323	594
324	594
325	594
326	598
327	590
328	596
329	601
330	601
331	601
332	605
333	606
334	600
335	608
336	624
337	624
338	624
339	628
340	629
341	645
342	645
343	656
344	656
345	656
346	675
347	639
348	614
349	614
350	630
351	630
352	630
353	631
354	629
355	608
356	616
357	624
358	624
359	624
360	624
361	624
362	643
363	653
364	653
365	653
366	653
367	648
368	664
369	671
370	660
371	647
372	647
373	647
374	647
375	662
376	651
377	658
378	659
379	659
380	659
381	672
382	660
383	648
384	650
385	663
386	663
387	663
388	651
389	655
390	686
391	694
392	707
393	707
394	707
395	704
396	722
397	712
398	716
399	715
400	715
401	715
402	711
403	706
404	673
405	690
406	693
407	693
408	693
409	671
410	668
411	676
412	667
413	686
414	686
415	686
416	691
417	688
418	690
419	693
420	690
421	690
422	690
423	698
424	700
425	708
426	707
427	743
428	743
429	743
430	741
431	726
432	722
433	716
434	715
435	715
436	715
437	729
438	732
439	746
440	746
441	752
442	752
443	752
444	752
445	746
446	765
447	764
448	778
449	778
450	778
451	794
452	788
453	796
454	842
455	865
456	865
457	865
458	854
459	867
460	858
461	888
462	905
463	905
464	905
465	935
466	958
467	958
468	958
469	958
470	958
471	958
472	947
473	1037
474	1078
475	1079
476	915
477	915
478	915
479	960
480	935
481	960
482	956
483	959
484	959
485	959
486	959
487	1063
488	1104
489	1046
490	1077
491	1077
492	1077
493	1048
494	1050
495	1078
496	1081
497	1127
498	1127
499	1127
500	1012
501	1030
502	1071
503	1027
504	979
505	979
506	979
507	959
508	1032
509	1025
510	1018
511	1028
512	1028
513	1028
514	1028
515	1027
516	1048
517	963
518	971
519	971
520	971
521	969
522	933
523	910
524	922
525	921
526	921
527	921
528	890
529	853
530	803
531	839
532	848
533	848
534	848
535	848
536	835
537	848
538	870
539	836
540	836
541	836
542	836
543	860
544	874
545	879
546	906
547	906
548	906
549	906
550	931
551	949
552	936
553	948
554	948
555	948
556	896
557	904
558	940
559	939
560	948
561	948
562	948
563	943
564	905
565	856
566	856
567	892
568	892
569	892
570	853
571	868
572	862
573	890
574	891
575	891
576	891
577	892
578	886
579	920
580	942
581	947
582	947
583	947
584	947
585	932
586	942
587	945
588	933
589	933
590	933
591	897
592	915
593	923
594	930
595	914
596	914
597	914
598	914
599	930
600	943
601	960
602	956
603	956
604	956
605	967
606	940
607	944
608	971
609	983
610	983
611	983
612	1002
613	1014
614	990
615	1000
616	943
617	943
618	943
619	903
620	879
621	851
622	876
623	823
624	823
625	823
626	843
627	840
628	827
629	850
630	874
631	874
632	874
633	859
634	865
635	898
636	899
637	890
638	890
639	890
640	891
641	872
642	834
643	847
644	847
645	847
646	847
647	873
648	863
649	855
650	868
651	870
652	870
653	870
654	870
655	898
656	892
657	877
658	903
659	903
660	903
661	881
662	871
663	884
664	901
665	902
666	902
667	902
668	903
669	899
670	917
671	919
672	932
673	932
674	932
675	932
676	934
677	927
678	924
679	950
680	950
681	950
682	950
683	941
684	929
685	946
686	933
687	933
688	933
689	949
690	949
691	959
692	963
693	981
694	981
695	981
696	997
697	1003
698	1017
699	1012
700	1022
701	1022
702	1022
703	1036
704	1035
705	1002
706	1002
707	1002
708	1002
709	1002
710	1006
711	1012
712	1008
713	1006
714	1002
715	1002
716	1002
717	943
718	904
719	926
720	899
721	896
722	896
723	896
724	896
725	896
726	920
727	922
728	922
729	922
730	922
731	922
732	936
733	926
734	900
735	906
736	906
737	906
738	906
739	886
740	896
741	898
742	892
743	892
744	892
745	920
746	917
747	897
748	918
749	910
750	910
751	910
752	922
753	943
754	955
755	970
756	958
757	958
758	958
759	963
760	956
761	971
762	985
763	986
764	986
765	986
766	958
767	979
768	980
769	972
770	996
771	996
772	996
773	988
774	989
775	998
776	998
777	992
778	992
779	992
780	1002
781	993
782	981
783	1017
784	1017
785	1017
786	1017
787	1039
788	1030
789	1023
790	1025
791	977
792	977
793	977
794	909
795	934
796	921
797	934
798	930
799	930
800	930
801	922
802	916
803	897
804	917
805	924
806	924
807	924
808	924
809	939
810	937
811	934
812	932
813	932
814	932
815	927
816	932
817	933
818	931
819	925
820	925
821	925
822	939
823	935
824	939
825	939
826	939
827	939
828	939
829	946
830	963
831	966
832	959
833	961
834	961
835	961
836	969
837	959
838	961
839	956
840	956
841	956
842	956
843	945
844	954
845	940
846	928
847	906
848	906
849	906
850	916
851	916
852	892
853	894
854	895
855	895
856	895
857	891
858	902
859	897
860	874
861	856
862	856
863	856
864	861
865	838
866	844
867	825
868	824
869	824
870	824
871	824
872	834
873	816
874	823
875	816
876	816
877	816
878	804
879	810
880	807
881	822
882	827
883	827
884	827
885	829
886	830
887	827
888	828
889	813
890	813
891	813
892	813
893	814
894	799
895	816
896	817
897	817
898	817
899	817
900	814
901	813
902	807
903	820
904	820
905	820
906	810
907	810
908	775
909	792
910	789
911	789
912	789
913	789
914	794
915	794
916	794
917	785
918	785
919	785
920	804
921	798
922	816
923	818
924	825
925	825
926	825
927	819
928	806
929	803
930	822
931	822
932	822
933	822
934	824
935	820
936	812
937	817
938	812
939	812
940	812
941	812
942	820
943	804
944	821
945	816
946	816
947	816
948	827
949	827
950	828
951	817
952	809
953	809
954	809
955	830
956	819
957	811
958	814
959	798
960	798
961	798
962	798
963	793
964	809
965	815
966	804
967	804
968	804
969	801
970	804
971	815
972	824
973	835
974	835
975	835
976	841
977	840
978	849
979	856
980	876
981	876
982	876
983	885
984	887
985	890
986	875
987	867
988	867
989	867
990	862
991	888
992	888
993	870
994	885
995	885
996	885
997	887
998	866
999	884
1000	873
1001	884
1002	884
1003	884
1004	896
1005	861
1006	864
1007	858
1008	872
1009	872
1010	872
1011	855
1012	849
1013	862
1014	867
1015	870
1016	870
1017	870
1018	870
1019	869
1020	877
1021	877
1022	898
1023	898
1024	898
1025	862
1026	883
1027	867
1028	894
1029	914
1030	914
1031	914
1032	929
1033	910
1034	921
1035	918
1036	925
1037	925
1038	925
1039	925
1040	969
1041	1024
1042	1000
1043	991
1044	991
1045	991
1046	991
1047	965
1048	988
1049	968
1050	950
1051	950
1052	950
1053	952
1054	948
1055	962
1056	968
1057	970
1058	970
1059	970
1060	999
1061	984
1062	961
1063	956
1064	943
1065	943
1066	943
1067	910
1068	940
1069	949
1070	921
1071	939
1072	939
1073	939
1074	932
1075	944
1076	944
1077	941
1078	909
1079	909
1080	909
1081	888
1082	901
1083	903
1084	901
1085	919
1086	919
1087	919
1088	920
1089	920
1090	918
1091	938
1092	949
1093	949
1094	949
1095	949
1096	949
1097	967
1098	995
1099	989
1100	989
1101	989
1102	989
1103	1003
1104	1029
1105	1007
1106	1035
1107	1035
1108	1035
1109	1053
1110	1018
1111	993
1112	1001
1113	991
1114	991
1115	991
1116	998
1117	985
1118	1029
1119	1054
1120	1047
1121	1047
1122	1047
1123	1037
1124	1061
1125	1049
1126	1044
1127	1072
1128	1072
1129	1072
1130	1032
1131	1018
1132	1022
1133	1036
1134	1055
1135	1055
1136	1055
1137	1074
1138	1074
1139	1038
1140	1053
1141	1059
1142	1059
1143	1059
1144	1042
1145	1057
1146	1059
1147	1105
1148	1094
1149	1094
1150	1094
1151	1099
1152	1100
1153	1168
1154	1147
1155	1163
1156	1163
1157	1163
1158	1196
1159	1208
1160	1153
1161	1242
1162	1222
1163	1222
1164	1222
1165	1197
1166	1214
1167	1182
1168	1239
1169	1218
1170	1218
1171	1218
1172	1240
1173	1217
1174	1165
1175	1165
1176	1165
1177	1165
1178	1165
1179	1165
1180	1026
1181	1066
1182	1066
1183	1069
1184	1069
1185	1069
1186	1054
1187	988
1188	993
1189	1007
1190	1024
1191	1024
1192	1024
1193	1049
1194	1048
1195	1019
1196	1060
1197	1034
1198	1034
1199	1034
1200	1006
1201	1029
1202	1045
1203	1073
1204	1048
1205	1048
1206	1048
1207	1025
1208	1005
1209	1002
1210	970
1211	947
1212	947
1213	947
1214	967
1215	954
1216	943
1217	943
1218	920
1219	920
1220	920
1221	920
1222	943
1223	949
1224	953
1225	978
1226	978
1227	978
1228	959
1229	978
1230	955
1231	954
1232	970
1233	970
1234	970
1235	986
1236	974
1237	1021
1238	1020
1239	1036
1240	1036
1241	1036
1242	1036
1243	1037
1244	984
1245	976
1246	951
1247	951
1248	951
1249	951
1250	943
1251	928
1252	925
1253	945
1254	945
1255	945
1256	956
1257	919
1258	904
1259	907
1260	894
1261	894
1262	894
1263	919
1264	933
1265	905
1266	915
1267	937
1268	937
1269	937
1270	928
1271	928
1272	939
1273	968
1274	1025
1275	1025
1276	1025
1277	1025
1278	1086
1279	1104
1280	1071
1281	1012
1282	1012
1283	1012
1284	1003
1285	974
1286	995
1287	1010
1288	1045
1289	1045
1290	1045
1291	1069
1292	1088
1293	1076
1294	1062
1295	1048
1296	1048
1297	1048
1298	1055
1299	1078
1300	1017
1301	998
1302	1003
1303	1003
1304	1003
1305	1003
1306	988
1307	985
1308	1007
1309	1018
1310	1018
1311	1018
1312	994
1313	949
1314	954
1315	954
1316	903
1317	903
1318	903
1319	895
1320	846
1321	867
1322	886
1323	764
1324	764
1325	764
1326	764
1327	787
1328	807
1329	822
1330	816
1331	816
1332	816
1333	820
1334	786
1335	837
1336	836
1337	844
1338	844
1339	844
1340	844
1341	819
1342	812
1343	834
1344	825
1345	825
1346	825
1347	813
1348	786
1349	750
1350	713
1351	723
1352	723
1353	723
1354	715
1355	725
1356	730
1357	889
1358	854
1359	854
1360	854
1361	863
1362	880
1363	888
1364	921
1365	898
1366	898
1367	898
1368	884
1369	906
1370	863
1371	853
1372	790
1373	790
1374	790
1375	784
1376	842
1377	847
1378	871
1379	851
1380	851
1381	851
1382	851
1383	812
1384	781
1385	744
1386	708
1387	708
1388	708
1389	715
1390	711
1391	726
1392	705
1393	674
1394	674
1395	674
1396	691
1397	695
1398	718
1399	765
1400	704
1401	704
1402	704
1403	704
1404	765
1405	777
1406	779
1407	763
1408	763
1409	763
1410	768
1411	729
1412	708
1413	703
1414	699
1415	699
1416	699
1417	699
1418	696
1419	704
1420	707
1421	696
1422	696
1423	696
1424	760
1425	769
1426	764
1427	767
1428	756
1429	756
1430	756
1431	739
1432	702
1433	702
1434	714
1435	707
1436	707
1437	707
1438	707
1439	738
1440	740
1441	769
1442	738
1443	738
1444	738
1445	755
1446	761
1447	785
1448	789
1449	738
1450	738
1451	738
1452	764
1453	746
1454	721
1455	721
1456	727
1457	727
1458	727
1459	775
1460	778
1461	778
1462	778
1463	799
1464	799
1465	799
1466	795
1467	777
1468	806
1469	775
1470	801
1471	801
1472	801
1473	801
1474	757
1475	771
1476	755
1477	780
1478	780
1479	780
1480	799
1481	811
1482	819
1483	817
1484	828
1485	828
1486	828
1487	887
1488	873
1489	890
1490	884
1491	960
1492	960
1493	960
1494	967
1495	975
1496	974
1497	1016
1498	1025
1499	1025
1500	1025
1501	1025
1502	1021
1503	1074
1504	1088
1505	1083
1506	1083
1507	1083
1508	1093
1509	1121
1510	1154
1511	1173
1512	1170
1513	1170
1514	1170
1515	1195
1516	1190
1517	1153
1518	1116
1519	1085
1520	1085
1521	1085
1522	1080
1523	1056
1524	1071
1525	1095
1526	1113
1527	1113
1528	1113
1529	1095
1530	1046
1531	1025
1532	1035
1533	1046
1534	1046
1535	1046
1536	1027
1537	989
1538	969
1539	1006
1540	1025
1541	1025
1542	1025
1543	1025
1544	1017
1545	996
1546	1041
1547	1035
1548	1035
1549	1035
1550	1036
1551	1080
1552	1062
1553	1050
1554	1014
1555	1014
1556	1014
1557	967
1558	942
1559	954
1560	954
1561	954
1562	954
1563	954
1564	944
1565	973
1566	996
1567	968
1568	903
1569	903
1570	903
1571	909
1572	928
1573	911
1574	927
1575	945
1576	945
1577	945
1578	953
1579	939
1580	937
1581	930
1582	930
1583	930
1584	930
1585	894
1586	958
1587	975
1588	1006
1589	987
1590	987
1591	987
1592	988
1593	1006
1594	1010
1595	1004
1596	1008
1597	1008
1598	1008
1599	999
1600	1006
1601	1021
1602	1005
1603	1040
1604	1040
1605	1040
1606	1040
1607	1012
1608	1032
1609	1057
1610	1093
1611	1093
1612	1093
1613	1092
1614	1059
1615	1066
1616	1020
1617	1043
1618	1043
1619	1043
1620	984
1621	1004
1622	1019
1623	991
1624	982
1625	982
1626	982
1627	982
1628	927
1629	908
1630	945
1631	949
1632	949
1633	949
1634	949
1635	933
1636	966
1637	963
1638	1003
1639	1003
1640	1003
1641	1003
1642	967
1643	941
1644	910
1645	906
1646	906
1647	906
1648	874
1649	903
1650	877
1651	874
1652	855
1653	855
1654	855
1655	849
1656	864
1657	876
1658	857
1659	857
1660	857
1661	857
1662	857
1663	872
1664	856
1665	874
1666	865
1667	865
1668	865
1669	891
1670	894
1671	881
1672	893
1673	895
1674	895
1675	895
1676	938
1677	909
1678	940
1679	938
1680	938
1681	938
1682	938
1683	929
1684	933
1685	941
1686	982
1687	963
1688	963
1689	963
1690	963
1691	913
1692	890
1693	922
1694	907
1695	907
1696	907
1697	925
1698	906
1699	924
1700	934
1701	955
1702	955
1703	955
1704	951
1705	975
1706	992
1707	1045
1708	1041
1709	1041
1710	1041
1711	1052
1712	1087
1713	1041
1714	1034
1715	1091
1716	1091
1717	1091
1718	1044
1719	1062
1720	1104
1721	1096
1722	1080
1723	1080
1724	1080
1725	1046
1726	1081
1727	1053
1728	1030
1729	1001
1730	1001
1731	1001
1732	985
1733	993
1734	1017
1735	1025
1736	1000
1737	1000
1738	1000
1739	1002
1740	1049
1741	1067
1742	1086
1743	1060
1744	1060
1745	1060
1746	1060
1747	1074
1748	1052
1749	1032
1750	1023
1751	1023
1752	1023
1753	1039
1754	1061
1755	1070
1756	1078
1757	1087
1758	1087
1759	1087
1760	1090
1761	1060
1762	1038
1763	1053
1764	1068
1765	1068
1766	1068
1767	1068
1768	1048
1769	1129
1770	1097
1771	1103
1772	1103
1773	1103
1774	1126
1775	1092
1776	1116
1777	1109
1778	1101
1779	1101
1780	1101
1781	1101
1782	1147
1783	1185
1784	1143
1785	1147
1786	1147
1787	1147
1788	1191
1789	1173
1790	1179
1791	1174
1792	1141
1793	1141
1794	1141
1795	1165
1796	1203
1797	1227
1798	1223
1799	1205
1800	1205
1801	1205
1802	1162
1803	1162
1804	1148
1805	1128
1806	1135
1807	1135
1808	1135
1809	1106
1810	1100
1811	1133
1812	1122
1813	1122
1814	1122
1815	1122
1816	1125
1817	1106
1818	1117
1819	1139
1820	1139
1821	1139
1822	1139
1823	1138
1824	1141
1825	1113
1826	1113
1827	1113
1828	1113
1829	1113
1830	1128
1831	1142
1832	1146
1833	1147
1834	1147
1835	1147
1836	1147
1837	1147
1838	1165
1839	1156
1840	1174
1841	1175
1842	1175
1843	1175
1844	1180
1845	1170
1846	1163
1847	1116
1848	1093
1849	1093
1850	1093
1851	1093
1852	1059
1853	1061
1854	1062
1855	1043
1856	1043
1857	1043
1858	1034
1859	1064
1860	1058
1861	1020
1862	968
1863	968
1864	968
1865	972
1866	979
1867	994
1868	971
1869	958
1870	958
1871	958
1872	970
1873	985
1874	1004
1875	982
1876	990
1877	990
1878	990
1879	1020
1880	991
1881	975
1882	989
1883	1006
1884	1006
1885	1006
1886	1025
1887	1020
1888	1047
1889	1068
1890	1069
1891	1069
1892	1069
1893	1060
1894	1038
1895	1064
1896	1026
1897	1055
1898	1055
1899	1055
1900	1036
1901	1053
1902	1069
1903	1065
1904	1058
1905	1058
1906	1058
1907	1058
1908	1029
1909	1023
1910	1038
1911	1042
1912	1042
1913	1042
1914	1066
1915	1083
1916	1085
1917	1085
1918	1085
1919	1085
1920	1085
1921	1093
1922	1101
1923	1104
1924	1110
1925	1139
1926	1139
1927	1139
1928	1142
1929	1125
1930	1145
1931	1139
1932	1147
1933	1147
1934	1147
1935	1093
1936	1129
1937	1116
1938	1126
1939	1125
1940	1125
1941	1125
1942	1151
1943	1135
1944	1133
1945	1151
1946	1179
1947	1179
1948	1179
1949	1168
1950	1187
1951	1127
1952	1139
1953	1144
1954	1144
1955	1144
1956	1205
1957	1178
1958	1247
1959	1228
1960	1237
1961	1237
1962	1237
1963	1237
1964	1191
1965	1177
1966	1151
1967	1149
1968	1149
1969	1149
1970	1142
1971	1119
1972	1169
1973	1167
1974	1172
1975	1172
1976	1172
1977	1175
1978	1160
1979	1168
1980	1153
1981	1120
1982	1120
1983	1120
1984	1120
1985	1159
1986	1152
1987	1123
1988	1135
1989	1135
1990	1135
1991	1135
1992	1140
1993	1141
1994	1137
1995	1148
1996	1148
1997	1148
1998	1187
1999	1131
2000	1147
2001	1120
2002	1137
2003	1137
2004	1137
2005	1168
2006	1135
2007	1155
2008	1147
2009	1097
2010	1097
2011	1097
2012	1097
2013	1081
2014	1068
2015	1100
2016	1086
2017	1086
2018	1086
2019	1090
2020	1086
2021	1100
2022	1110
2023	1098
2024	1098
2025	1098
2026	1074
2027	1074
2028	1077
2029	1070
2030	1089
2031	1089
2032	1089
2033	1081
2034	1086
2035	1050
2036	1045
2037	1045
2038	1045
2039	1045
2040	1073
2041	1085
2042	1091
2043	1076
2044	1070
2045	1070
2046	1070
2047	1079
2048	1052
2049	1055
2050	1041
2051	1052
2052	1052
2053	1052
2054	1052
2055	1094
2056	1069
2057	1073
2058	1061
2059	1061
2060	1061
2061	1050
2062	1039
2063	1089
2064	1118
2065	1108
2066	1108
2067	1108
2068	1112
2069	1106
2070	1143
2071	1135
2072	1144
2073	1144
2074	1144
2075	1154
2076	1142
2077	1164
2078	1158
2079	1153
2080	1153
2081	1153
2082	1154
2083	1171
2084	1175
2085	1206
2086	1214
2087	1214
2088	1214
2089	1215
2090	1201
2091	1224
2092	1222
2093	1243
2094	1243
2095	1243
2096	1253
2097	1226
2098	1269
2099	1277
2100	1271
2101	1271
2102	1271
2103	1272
2104	1289
2105	1328
2106	1350
2107	1285
2108	1285
2109	1285
2110	1339
2111	1323
2112	1352
2113	1411
2114	1414
2115	1414
2116	1414
2117	1414
2118	1410
2119	1385
2120	1393
2121	1346
2122	1346
2123	1346
2124	1390
2125	1382
2126	1405
2127	1409
2128	1417
2129	1417
2130	1417
2131	1417
2132	1456
2133	1483
2134	1502
2135	1530
2136	1530
2137	1530
2138	1562
2139	1678
2140	1625
2141	1658
2142	1600
2143	1600
2144	1600
2145	1600
2146	1525
2147	1524
2148	1602
2149	1624
2150	1624
2151	1624
2152	1653
2153	1652
2154	1668
2155	1667
2156	1617
2157	1617
2158	1617
2159	1639
2160	1672
2161	1786
2162	1772
2163	1774
2164	1774
2165	1774
2166	1805
2167	1853
2168	1853
2169	1718
2170	1761
2171	1761
2172	1761
2173	1803
2174	1820
2175	1775
2176	1786
2177	1773
2178	1773
2179	1773
2180	1806
2181	1814
2182	1826
2183	1815
2184	1802
2185	1802
2186	1802
2187	1813
2188	1836
2189	1984
2190	1964
2191	1964
2192	1964
2193	1964
2194	1885
2195	1876
2196	1784
2197	1772
2198	1707
2199	1707
2200	1707
2201	1707
2202	1766
2203	1767
2204	1743
2205	1710
2206	1710
2207	1710
2208	1697
2209	1733
2210	1758
2211	1682
2212	1614
2213	1614
2214	1614
2215	1629
2216	1582
2217	1615
2218	1640
2219	1594
2220	1594
2221	1594
2222	1658
2223	1701
2224	1684
2225	1686
2226	1732
2227	1732
2228	1732
2229	1758
2230	1771
2231	1822
2232	1812
2233	1822
2234	1822
2235	1822
2236	1823
2237	1869
2238	1882
2239	1877
2240	1944
2241	1944
2242	1944
2243	2020
2244	1987
2245	2023
2246	2031
2247	1986
2248	1986
2249	1986
2250	2041
2251	2108
2252	2138
2253	2127
2254	2108
2255	2108
2256	2108
2257	2224
2258	2214
2259	2198
2260	2126
2261	2052
2262	2052
2263	2052
2264	2171
2265	2044
2266	2108
2267	2097
2268	2121
2269	2121
2270	2121
2271	2121
2272	2167
2273	2195
2274	2269
2275	2259
2276	2259
2277	2259
2278	2203
2279	2211
2280	2278
2281	2288
2282	2263
2283	2263
2284	2263
2285	2299
2286	2261
2287	2342
2288	2321
2289	2360
2290	2360
2291	2360
2292	2417
2293	2361
2294	2351
2295	2378
2296	2481
2297	2481
2298	2481
2299	2477
2300	2501
2301	2578
2302	2578
2303	2578
2304	2578
2305	2578
2306	2651
2307	2605
2308	2604
2309	2793
2310	2768
2311	2768
2312	2768
2313	2769
2314	2479
2315	2289
2316	2145
2317	1946
2318	1946
2319	1946
2320	2154
2321	2197
2322	2257
2323	1879
2324	2104
2325	2104
2326	2104
2327	1994
2328	2000
2329	2031
2330	2097
2331	2031
2332	2031
2333	2031
2334	2030
2335	2107
2336	2185
2337	2176
2338	2217
2339	2217
2340	2217
2341	2199
2342	2258
2343	2194
2344	2141
2345	2019
2346	2019
2347	2019
2348	2019
2349	2147
2350	2061
2351	2107
2352	2130
2353	2130
2354	2130
2355	2026
2356	1982
2357	2011
2358	2036
2359	2041
2360	2041
2361	2041
2362	2045
2363	2084
2364	2056
2365	2060
2366	1997
2367	1997
2368	1997
2369	1997
2370	1952
2371	1976
2372	2004
2373	1929
2374	1929
2375	1929
2376	1929
2377	1970
2378	2009
2379	2038
2380	2052
2381	2052
2382	2052
2383	2057
2384	1985
2385	2086
2386	2227
2387	2146
2388	2146
2389	2146
2390	2270
2391	2280
2392	2280
2393	2248
2394	2240
2395	2240
2396	2240
2397	2304
2398	2293
2399	2309
2400	2280
2401	2257
2402	2257
2403	2257
2404	2247
2405	2263
2406	2330
2407	2372
2408	2247
2409	2247
2410	2247
2411	2297
2412	2234
2413	2231
2414	2269
2415	2208
2416	2208
2417	2208
2418	2208
2419	2257
2420	2286
2421	2291
2422	2397
2423	2397
2424	2397
2425	2488
2426	2454
2427	2411
2428	2246
2429	2364
2430	2364
2431	2364
2432	2368
2433	2351
2434	2371
2435	2374
2436	2430
2437	2430
2438	2430
2439	2448
2440	2399
2441	2361
2442	2424
2443	2382
2444	2382
2445	2382
2446	2357
2447	2331
2448	2404
2449	2366
2450	2341
2451	2341
2452	2341
2453	2368
2454	2322
2455	2400
2456	2291
2457	2026
2458	2026
2459	2026
2460	1722
2461	2050
2462	1884
2463	1852
2464	1875
2465	1875
2466	1875
2467	1926
2468	1912
2469	1820
2470	2012
2471	2007
2472	2007
2473	2007
2474	2002
2475	1948
2476	2024
2477	1950
2478	1953
2479	1953
2480	1953
2481	1953
2482	1889
2483	1955
2484	1881
2485	1887
2486	1887
2487	1887
2488	1934
2489	1933
2490	2008
2491	2026
2492	2121
2493	2121
2494	2121
2495	2051
2496	1984
2497	2057
2498	2109
2499	2080
2500	2080
2501	2080
2502	2080
2503	2134
2504	2122
2505	2078
2506	2078
2507	2078
2508	2078
2509	2078
2510	2093
2511	2121
2512	2047
2513	1981
2514	1981
2515	1981
2516	1905
2517	1975
2518	1951
2519	1985
2520	1941
2521	1941
2522	1941
2523	2005
2524	2000
2525	1983
2526	2085
2527	2078
2528	2078
2529	2078
2530	2025
2531	1983
2532	2020
2533	2020
2534	1986
2535	1986
2536	1986
2537	1934
2538	1947
2539	1856
2540	1794
2541	1854
2542	1854
2543	1854
2544	1791
2545	1826
2546	1848
2547	1823
2548	1811
2549	1811
2550	1811
2551	1805
2552	1805
2553	1769
2554	1630
2555	1630
2556	1630
2557	1630
2558	1760
2559	1798
2560	1797
2561	1765
2562	1781
2563	1781
2564	1781
2565	1781
2566	1799
2567	1788
2568	1823
2569	1756
2570	1756
2571	1756
2572	1770
2573	1800
2574	1780
2575	1809
2576	1778
2577	1778
2578	1778
2579	1908
2580	1861
2581	1848
2582	1946
2583	1940
2584	1940
2585	1940
2586	1931
2587	1961
2588	1963
2589	1946
2590	1959
2591	1959
2592	1959
2593	1923
2594	1913
2595	1971
2596	1933
2597	1915
2598	1915
2599	1915
2600	1943
2601	1916
2602	1934
2603	1911
2604	1930
2605	1930
2606	1930
2607	1920
2608	1926
2609	1948
2610	1979
2611	2031
2612	2031
2613	2031
2614	2000
2615	2034
2616	2116
2617	1963
2618	2004
2619	2004
2620	2004
2621	1951
2622	1895
2623	1898
2624	1944
2625	1922
2626	1922
2627	1922
2628	1913
2629	1907
2630	1859
2631	1832
2632	1827
2633	1827
2634	1827
2635	1827
2636	1822
2637	1809
2638	1797
2639	1787
2640	1787
2641	1787
2642	1824
2643	1867
2644	1838
2645	1810
2646	1861
2647	1861
2648	1861
2649	1868
2650	1886
2651	1818
2652	1818
2653	1818
2654	1818
2655	1818
2656	1782
2657	1805
2658	1828
2659	1809
2660	1851
2661	1851
2662	1851
2663	1789
2664	1806
2665	1798
2666	1795
2667	1815
2668	1815
2669	1815
2670	1774
2671	1761
2672	1755
2673	1741
2674	1767
2675	1767
2676	1767
2677	1767
2678	1767
2679	1731
2680	1718
2681	1687
2682	1687
2683	1687
2684	1689
2685	1673
2686	1629
2687	1670
2688	1622
2689	1622
2690	1622
2691	1607
2692	1611
2693	1558
2694	1585
2695	1653
2696	1653
2697	1653
2698	1653
2699	1638
2700	1629
2701	1666
2702	1667
2703	1667
2704	1667
2705	1688
2706	1672
2707	1619
2708	1651
2709	1614
2710	1614
2711	1614
2712	1615
2713	1598
2714	1698
2715	1678
2716	1600
2717	1600
2718	1600
2719	1600
2720	1630
2721	1649
2722	1656
2723	1647
2724	1647
2725	1647
2726	1647
2727	1655
2728	1614
2729	1587
2730	1531
2731	1531
2732	1531
2733	1536
2734	1591
2735	1557
2736	1548
2737	1572
2738	1572
2739	1572
2740	1572
2741	1602
2742	1601
2743	1614
2744	1559
2745	1559
2746	1559
2747	1564
2748	1587
2749	1556
2750	1533
2751	1582
2752	1582
2753	1582
2754	1548
2755	1568
2756	1546
2757	1569
2758	1569
2759	1569
2760	1569
2761	1539
2762	1550
2763	1567
2764	1609
2765	1595
2766	1595
2767	1595
2768	1592
2769	1622
2770	1605
2771	1576
2772	1569
2773	1569
2774	1569
2775	1592
2776	1592
2777	1598
2778	1611
2779	1603
2780	1603
2781	1603
2782	1616
2783	1605
2784	1600
2785	1627
2786	1655
2787	1655
2788	1655
2789	1655
2790	1695
2791	1712
2792	1767
2793	1766
2794	1766
2795	1766
2796	1772
2797	1804
2798	1807
2799	1807
2800	1796
2801	1796
2802	1796
2803	1863
2804	1883
2805	1883
2806	1917
2807	1869
2808	1869
2809	1869
2810	1942
2811	1942
2812	1959
2813	1912
2814	2008
2815	2008
2816	2008
2817	1987
2818	1971
2819	2005
2820	1977
2821	2006
2822	2006
2823	2006
2824	1948
2825	1967
2826	1956
2827	1964
2828	2003
2829	2003
2830	2003
2831	1988
2832	2015
2833	2008
2834	2024
2835	2014
2836	2014
2837	2014
2838	1954
2839	1955
2840	1954
2841	1982
2842	1953
2843	1953
2844	1953
2845	1953
2846	1896
2847	1909
2848	1908
2849	1869
2850	1869
2851	1869
2852	1860
2853	1838
2854	1866
2855	1874
2856	1850
2857	1850
2858	1850
2859	1865
2860	1882
2861	1899
2862	1923
2863	1873
2864	1873
2865	1873
2866	1873
2867	1846
2868	1875
2869	1850
2870	1876
2871	1876
2872	1876
2873	1876
2874	1903
2875	1900
2876	1904
2877	1891
2878	1891
2879	1891
2880	1915
2881	1940
2882	1927
2883	1943
2884	1950
2885	1950
2886	1950
2887	1994
2888	1997
2889	1985
2890	1981
2891	2004
2892	2004
2893	2004
2894	1949
2895	1942
2896	1928
2897	1912
2898	1905
2899	1905
2900	1905
2901	1927
2902	1919
2903	1917
2904	1888
2905	1877
2906	1877
2907	1877
2908	1862
2909	1871
2910	1810
2911	1791
2912	1719
2913	1719
2914	1719
2915	1728
2916	1728
2917	1721
2918	1694
2919	1717
2920	1717
2921	1717
2922	1717
2923	1717
2924	1755
2925	1749
2926	1660
2927	1660
2928	1660
2929	1660
2930	1727
2931	1731
2932	1733
2933	1737
2934	1737
2935	1737
2936	1743
2937	1763
2938	1777
2939	1798
2940	1809
2941	1809
2942	1809
2943	1813
2944	1815
2945	1841
2946	1821
2947	1806
2948	1806
2949	1806
2950	1766
2951	1777
2952	1790
2953	1826
2954	1794
2955	1794
2956	1794
2957	1799
2958	1838
2959	1823
2960	1828
2961	1819
2962	1819
2963	1819
2964	1794
2965	1770
2966	1779
2967	1765
2968	1730
2969	1730
2970	1730
2971	1722
2972	1722
2973	1680
2974	1654
2975	1664
2976	1664
2977	1664
2978	1689
2979	1669
2980	1700
2981	1691
2982	1634
2983	1634
2984	1634
2985	1676
2986	1687
2987	1672
2988	1686
2989	1669
2990	1669
2991	1669
2992	1673
2993	1694
2994	1687
2995	1656
2996	1671
2997	1671
2998	1671
2999	1670
3000	1678
3001	1682
3002	1685
3003	1703
3004	1703
3005	1703
3006	1703
3007	1692
3008	1666
3009	1666
3010	1666
3011	1666
3012	1666
3013	1687
3014	1639
3015	1589
3016	1568
3017	1586
3018	1586
3019	1586
3020	1602
3021	1592
3022	1617
3023	1614
3024	1607
3025	1607
3026	1607
3027	1383
3028	1385
3029	1374
3030	1396
3031	1405
3032	1405
3033	1405
3034	1393
3035	1362
3036	1354
3037	1376
3038	1414
3039	1414
3040	1414
3041	1431
3042	1436
3043	1436
3044	1391
3045	1432
3046	1432
3047	1432
3048	1431
3049	1398
3050	1402
3051	1417
3052	1377
3053	1377
3054	1377
3055	1377
3056	1383
3057	1352
3058	1320
3059	1331
3060	1331
3061	1331
3062	1282
3063	1329
3064	1343
3065	1337
3066	1341
3067	1341
3068	1341
3069	1348
3070	1347
3071	1364
3072	1381
3073	1373
3074	1373
3075	1373
3076	1373
3077	1381
3078	1362
3079	1381
3080	1386
3081	1386
3082	1386
3083	1386
3084	1317
3085	1335
3086	1332
3087	1321
3088	1321
3089	1321
3090	1324
3091	1320
3092	1322
3093	1237
3094	1238
3095	1238
3096	1238
3097	1226
3098	1235
3099	1157
3100	1150
3101	1166
3102	1166
3103	1166
3104	1166
3105	1217
3106	1206
3107	1205
3108	1190
3109	1190
3110	1190
3111	1187
3112	1183
3113	1196
3114	1225
3115	1208
3116	1208
3117	1208
3118	1214
3119	1214
3120	1198
3121	1174
3122	1176
3123	1176
3124	1176
3125	1208
3126	1220
3127	1237
3128	1211
3129	1215
3130	1215
3131	1215
3132	1219
3133	1195
3134	1212
3135	1202
3136	1187
3137	1187
3138	1187
3139	1202
3140	1198
3141	1198
3142	1194
3143	1226
3144	1226
3145	1226
3146	1255
3147	1289
3148	1301
3149	1332
3150	1395
3151	1395
3152	1395
3153	1395
3154	1402
3155	1418
3156	1431
3157	1425
3158	1425
3159	1425
3160	1417
3161	1502
3162	1542
3163	1504
3164	1477
3165	1477
3166	1477
3167	1492
3168	1506
3169	1484
3170	1466
3171	1447
3172	1447
3173	1447
3174	1481
3175	1459
3176	1426
3177	1402
3178	1340
3179	1340
3180	1340
3181	1350
3182	1354
3183	1321
3184	1413
3185	1380
3186	1380
3187	1380
3188	1317
3189	1305
3190	1316
3191	1337
3192	1319
3193	1319
3194	1319
3195	1335
3196	1331
3197	1287
3198	1307
3199	1316
3200	1316
3201	1316
3202	1321
3203	1352
3204	1342
3205	1335
3206	1305
3207	1305
3208	1305
3209	1305
3210	1241
3211	1291
3212	1313
3213	1322
3214	1322
3215	1322
3216	1335
3217	1337
3218	1361
3219	1373
3220	1352
3221	1352
3222	1352
3223	1367
3224	1352
3225	1377
3226	1345
3227	1321
3228	1321
3229	1321
3230	1321
3231	1320
3232	1352
3233	1340
3234	1343
3235	1343
3236	1343
3237	1343
3238	1311
3239	1284
3240	1291
3241	1280
3242	1280
3243	1280
3244	1274
3245	1259
3246	1249
3247	1235
3248	1238
3249	1238
3250	1238
3251	1222
3252	1246
3253	1238
3254	1225
3255	1236
3256	1236
3257	1236
3258	1227
3259	1192
3260	1189
3261	1219
3262	1216
3263	1216
3264	1216
3265	1214
3266	1246
3267	1268
3268	1232
3269	1217
3270	1217
3271	1217
3272	1211
3273	1245
3274	1241
3275	1210
3276	1208
3277	1208
3278	1208
3279	1206
3280	1201
3281	1201
3282	1199
3283	1230
3284	1230
3285	1230
3286	1215
3287	1215
3288	1215
3289	1235
3290	1258
3291	1258
3292	1258
3293	1258
3294	1247
3295	1212
3296	1215
3297	1232
3298	1232
3299	1232
3300	1244
3301	1254
3302	1248
3303	1248
3304	1253
3305	1253
3306	1253
3307	1277
3308	1261
3309	1266
3310	1282
3311	1294
3312	1294
3313	1294
3314	1275
3315	1267
3316	1266
3317	1256
3318	1247
3319	1247
3320	1247
3321	1252
3322	1268
3323	1288
3324	1327
3325	1309
3326	1309
3327	1309
3328	1329
3329	1328
3330	1326
3331	1324
3332	1378
3333	1378
3334	1378
3335	1408
3336	1390
3337	1419
3338	1418
3339	1435
3340	1435
3341	1435
3342	1449
3343	1427
3344	1437
3345	1411
3346	1405
3347	1405
3348	1405
3349	1412
3350	1396
3351	1404
3352	1388
3353	1395
3354	1395
3355	1395
3356	1374
3357	1396
3358	1378
3359	1398
3360	1404
3361	1404
3362	1404
3363	1395
3364	1370
3365	1358
3366	1308
3367	1320
3368	1320
3369	1320
3370	1320
3371	1282
3372	1274
3373	1248
3374	1246
3375	1246
3376	1246
3377	1262
3378	1254
3379	1253
3380	1252
3381	1260
3382	1260
3383	1260
3384	1243
3385	1255
3386	1230
3387	1257
3388	1241
3389	1241
3390	1241
3391	1223
3392	1225
3393	1218
3394	1218
3395	1218
3396	1218
3397	1218
3398	1218
3399	1205
3400	1207
3401	1187
3402	1224
3403	1224
3404	1224
3405	1224
3406	1203
3407	1200
3408	1200
3409	1192
3410	1192
3411	1192
3412	1187
3413	1214
3414	1211
3415	1184
3416	1177
3417	1177
3418	1177
3419	1190
3420	1191
3421	1226
3422	1217
3423	1198
3424	1198
3425	1198
3426	1210
3427	1196
3428	1192
3429	1202
3430	1190
3431	1190
3432	1190
3433	1190
3434	1179
3435	1179
3436	1158
3437	1164
3438	1164
3439	1164
3440	1164
3441	1153
3442	1146
3443	1148
3444	1158
3445	1158
3446	1158
3447	1159
3448	1151
3449	1164
3450	1171
3451	1182
3452	1182
3453	1182
3454	1187
3455	1186
3456	1205
3457	1215
3458	1247
3459	1247
3460	1247
3461	1247
3462	1280
3463	1261
3464	1259
3465	1276
3466	1276
3467	1276
3468	1276
3469	1275
3470	1262
3471	1254
3472	1255
3473	1255
3474	1255
3475	1245
3476	1253
3477	1260
3478	1286
3479	1279
3480	1279
3481	1279
3482	1259
3483	1250
3484	1243
3485	1248
3486	1260
3487	1260
3488	1260
3489	1260
3490	1245
3491	1244
3492	1238
3493	1214
3494	1214
3495	1214
3496	1226
3497	1228
3498	1224
3499	1246
3500	1229
3501	1229
3502	1229
3503	1226
3504	1220
3505	1203
3506	1203
3507	1222
3508	1222
3509	1222
3510	1207
3511	1215
3512	1201
3513	1203
3514	1199
3515	1199
3516	1199
3517	1199
3518	1191
3519	1183
3520	1193
3521	1203
3522	1203
3523	1203
3524	1206
3525	1211
3526	1198
3527	1224
3528	1211
3529	1211
3530	1211
3531	1202
3532	1184
3533	1186
3534	1189
3535	1188
3536	1188
3537	1188
3538	1194
3539	1186
3540	1200
3541	1188
3542	1187
3543	1187
3544	1187
3545	1196
3546	1198
3547	1185
3548	1175
3549	1172
3550	1172
3551	1172
3552	1122
3553	1148
3554	1141
3555	1131
3556	1139
3557	1139
3558	1139
3559	1144
3560	1116
3561	1108
3562	1113
3563	1103
3564	1103
3565	1103
3566	1109
3567	1132
3568	1131
3569	1157
3570	1133
3571	1133
3572	1133
3573	1133
3574	1155
3575	1121
3576	1155
3577	1158
3578	1158
3579	1158
3580	1154
3581	1153
3582	1143
3583	1125
3584	1135
3585	1135
3586	1135
3587	1141
3588	1143
3589	1137
3590	1103
3591	1068
3592	1068
3593	1068
3594	1068
3595	1069
3596	1023
3597	1022
3598	1035
3599	1035
3600	1035
3601	1060
3602	1053
3603	1056
3604	1071
3605	1053
3606	1053
3607	1053
3608	1053
3609	1130
3610	1128
3611	1123
3612	1130
3613	1130
3614	1130
3615	1125
3616	1156
3617	1155
3618	1143
3619	1112
3620	1112
3621	1112
3622	1116
3623	1170
3624	1202
3625	1207
3626	1199
3627	1199
3628	1199
3629	1199
3630	1213
3631	1289
3632	1300
3633	1330
3634	1330
3635	1330
3636	1303
3637	1265
3638	1255
3639	1247
3640	1191
3641	1191
3642	1191
3643	1188
3644	1170
3645	1188
3646	1188
3647	1190
3648	1190
3649	1190
3650	1213
3651	1208
3652	1208
3653	1208
3654	1208
3655	1208
3656	1208
3657	1217
3658	1264
3659	1284
3660	1281
3661	1256
3662	1256
3663	1256
3664	1256
3665	1278
3666	1335
3667	1305
3668	1320
3669	1320
3670	1320
3671	1353
3672	1364
3673	1390
3674	1373
3675	1390
3676	1390
3677	1390
3678	1399
3679	1368
3680	1368
3681	1324
3682	1304
3683	1304
3684	1304
3685	1351
3686	1361
3687	1343
3688	1328
3689	1320
3690	1320
3691	1320
3692	1301
3693	1281
3694	1297
3695	1312
3696	1302
3697	1302
3698	1302
3699	1319
3700	1285
3701	1276
3702	1307
3703	1285
3704	1285
3705	1285
3706	1279
3707	1306
3708	1327
3709	1346
3710	1320
3711	1320
3712	1320
3713	1335
3714	1331
3715	1341
3716	1336
3717	1308
3718	1308
3719	1308
3720	1313
3721	1315
3722	1317
3723	1328
3724	1301
3725	1301
3726	1301
3727	1333
3728	1338
3729	1332
3730	1354
3731	1359
3732	1359
3733	1359
3734	1359
3735	1412
3736	1376
3737	1396
3738	1406
3739	1406
3740	1406
3741	1369
3742	1375
3743	1383
3744	1383
3745	1383
3746	1383
3747	1383
3748	1395
3749	1367
3750	1363
3751	1305
3752	1327
3753	1327
3754	1327
3755	1316
3756	1312
3757	1327
3758	1342
3759	1312
3760	1312
3761	1312
3762	1291
3763	1286
3764	1274
3765	1269
3766	1258
3767	1258
3768	1258
3769	1253
3770	1270
3771	1268
3772	1268
3773	1268
3774	1268
3775	1268
3776	1244
3777	1271
3778	1259
3779	1242
3780	1242
3781	1242
3782	1242
3783	1244
3784	1260
3785	1278
3786	1330
3787	1325
3788	1325
3789	1325
3790	1325
3791	1352
3792	1359
3793	1383
3794	1388
3795	1388
3796	1388
3797	1387
3798	1350
3799	1362
3800	1367
3801	1367
3802	1367
3803	1367
3804	1353
3805	1369
3806	1363
3807	1362
3808	1344
3809	1344
3810	1344
3811	1344
3812	1361
3813	1332
3814	1287
3815	1300
3816	1300
3817	1300
3818	1300
3819	1307
3820	1301
3821	1332
3822	1311
3823	1311
3824	1311
3825	1326
3826	1302
3827	1303
3828	1301
3829	1301
3830	1301
3831	1301
3832	1301
3833	1305
3834	1306
3835	1318
3836	1319
3837	1319
3838	1319
3839	1325
3840	1338
3841	1296
3842	1331
3843	1327
3844	1327
3845	1327
3846	1325
3847	1323
3848	1323
3849	1302
3850	1316
3851	1316
3852	1316
3853	1316
3854	1305
3855	1314
3856	1335
3857	1308
3858	1308
3859	1308
3860	1350
3861	1334
3862	1341
3863	1344
3864	1342
3865	1342
3866	1342
3867	1356
3868	1357
3869	1357
3870	1382
3871	1382
3872	1382
3873	1382
3874	1414
3875	1434
3876	1454
3877	1448
3878	1483
3879	1483
3880	1483
3881	1483
3882	1461
3883	1433
3884	1509
3885	1518
3886	1518
3887	1518
3888	1490
3889	1534
3890	1480
3891	1486
3892	1484
3893	1484
3894	1484
3895	1440
3896	1454
3897	1448
3898	1486
3899	1474
3900	1474
3901	1474
3902	1456
3903	1465
3904	1490
3905	1470
3906	1444
3907	1444
3908	1444
3909	1398
3910	1399
3911	1411
3912	1418
3913	1460
3914	1460
3915	1460
3916	1457
3917	1442
3918	1459
3919	1474
3920	1511
3921	1511
3922	1511
3923	1456
3924	1450
3925	1470
3926	1444
3927	1421
3928	1421
3929	1421
3930	1488
3931	1497
3932	1482
3933	1451
3934	1484
3935	1484
3936	1484
3937	1484
3938	1433
3939	1482
3940	1524
3941	1500
3942	1500
3943	1500
3944	1468
3945	1485
3946	1483
3947	1504
3948	1503
3949	1503
3950	1503
3951	1507
3952	1482
3953	1521
3954	1489
3955	1468
3956	1468
3957	1468
3958	1468
3959	1433
3960	1386
3961	1362
3962	1383
3963	1383
3964	1383
3965	1376
3966	1366
3967	1363
3968	1358
3969	1392
3970	1392
3971	1392
3972	1392
3973	1408
3974	1398
3975	1420
3976	1416
3977	1416
3978	1416
3979	1370
3980	1403
3981	1391
3982	1424
3983	1406
3984	1406
3985	1406
3986	1404
3987	1436
3988	1424
3989	1418
3990	1431
3991	1431
3992	1431
3993	1481
3994	1481
3995	1508
3996	1501
3997	1459
3998	1459
3999	1459
4000	1454
4001	1483
4002	1470
4003	1502
4004	1481
4005	1481
4006	1481
4007	1524
4008	1526
4009	1524
4010	1486
4011	1486
4012	1486
4013	1486
4014	1448
4015	1425
4016	1402
4017	1402
4018	1402
4019	1402
4020	1402
4021	1418
4022	1447
4023	1443
4024	1466
4025	1484
4026	1484
4027	1484
4028	1484
4029	1459
4030	1444
4031	1458
4032	1438
4033	1438
4034	1438
4035	1470
4036	1486
4037	1490
4038	1512
4039	1535
4040	1535
4041	1535
4042	1500
4043	1549
4044	1561
4045	1470
4046	1495
4047	1495
4048	1495
4049	1515
4050	1525
4051	1569
4052	1603
4053	1589
4054	1589
4055	1589
4056	1595
4057	1661
4058	1649
4059	1704
4060	1727
4061	1727
4062	1727
4063	1673
4064	1683
4065	1670
4066	1663
4067	1650
4068	1650
4069	1650
4070	1619
4071	1621
4072	1637
4073	1629
4074	1614
4075	1614
4076	1614
4077	1568
4078	1600
4079	1558
4080	1543
4081	1589
4082	1589
4083	1589
4084	1593
4085	1579
4086	1549
4087	1567
4088	1597
4089	1597
4090	1597
4091	1587
4092	1564
4093	1561
4094	1596
4095	1582
4096	1582
4097	1582
4098	1582
4099	1566
4100	1528
4101	1528
4102	1528
4103	1528
4104	1528
4105	1503
4106	1476
4107	1509
4108	1494
4109	1484
4110	1484
4111	1484
4112	1461
4113	1498
4114	1495
4115	1508
4116	1516
4117	1516
4118	1516
4119	1539
4120	1569
4121	1560
4122	1559
4123	1560
4124	1560
4125	1560
4126	1562
4127	1601
4128	1589
4129	1615
4130	1619
4131	1619
4132	1619
4133	1594
4134	1614
4135	1642
4136	1642
4137	1657
4138	1657
4139	1657
4140	1637
4141	1593
4142	1600
4143	1644
4144	1643
4145	1643
4146	1643
4147	1643
4148	1627
4149	1677
4150	1638
4151	1613
4152	1613
4153	1613
4154	1662
4155	1652
4156	1656
4157	1618
4158	1627
4159	1627
4160	1627
4161	1598
4162	1600
4163	1594
4164	1620
4165	1601
4166	1601
4167	1601
4168	1601
4169	1585
4170	1584
4171	1602
4172	1610
4173	1610
4174	1610
4175	1610
4176	1582
4177	1589
4178	1593
4179	1638
4180	1638
4181	1638
4182	1654
4183	1658
4184	1681
4185	1702
4186	1686
4187	1686
4188	1686
4189	1678
4190	1659
4191	1646
4192	1637
4193	1681
4194	1681
4195	1681
4196	1692
4197	1708
4198	1759
4199	1721
4200	1806
4201	1806
4202	1806
4203	1806
4204	1849
4205	1949
4206	1926
4207	1893
4208	1893
4209	1893
4210	1943
4211	1917
4212	1900
4213	1912
4214	1893
4215	1893
4216	1893
4217	1854
4218	1882
4219	1882
4220	1823
4221	1855
4222	1855
4223	1855
4224	1836
4225	1896
4226	1923
4227	2017
4228	1992
4229	1992
4230	1992
4231	2032
4232	2058
4233	2042
4234	2016
4235	2002
4236	2002
4237	2002
4238	1930
4239	1895
4240	1945
4241	1920
4242	1860
4243	1860
4244	1860
4245	1860
4246	1874
4247	1828
4248	1856
4249	1800
4250	1800
4251	1800
4252	1743
4253	1760
4254	1762
4255	1748
4256	1750
4257	1750
4258	1750
4259	1730
4260	1766
4261	1768
4262	1773
4263	1800
4264	1800
4265	1800
4266	1850
4267	1864
4268	1849
4269	1820
4270	1776
4271	1776
4272	1776
4273	1745
4274	1812
4275	1822
4276	1812
4277	1787
4278	1787
4279	1787
4280	1817
4281	1805
4282	1819
4283	1849
4284	1824
4285	1824
4286	1824
4287	1824
4288	1822
4289	1796
4290	1781
4291	1792
4292	1792
4293	1792
4294	1776
4295	1770
4296	1696
4297	1693
4298	1630
4299	1630
4300	1630
4301	1666
4302	1638
4303	1637
4304	1651
4305	1646
4306	1646
4307	1646
4308	1646
4309	1655
4310	1653
4311	1649
4312	1652
4313	1652
4314	1652
4315	1670
4316	1670
4317	1670
4318	1684
4319	1680
4320	1680
4321	1680
4322	1695
4323	1758
4324	1804
4325	1784
4326	1807
4327	1807
4328	1807
4329	1807
4330	1803
4331	1805
4332	1816
4333	1853
4334	1853
4335	1853
4336	1853
4337	1694
4338	1703
4339	1715
4340	1664
4341	1664
4342	1664
4343	1697
4344	1695
4345	1672
4346	1672
4347	1688
4348	1688
4349	1688
4350	1700
4351	1671
4352	1696
4353	1617
4354	1613
4355	1613
4356	1613
4357	1636
4358	1646
4359	1626
4360	1626
4361	1629
4362	1629
4363	1629
4364	1628
4365	1632
4366	1641
4367	1538
4368	1548
4369	1548
4370	1548
4371	1542
4372	1534
4373	1540
4374	1516
4375	1516
4376	1516
4377	1516
4378	1516
4379	1516
4380	1525
4381	1559
4382	1559
4383	1559
4384	1559
4385	1567
4386	1539
4387	1574
4388	1582
4389	1555
4390	1555
4391	1555
4392	1555
4393	1564
4394	1592
4395	1621
4396	1579
4397	1579
4398	1579
4399	1588
4400	1605
4401	1610
4402	1599
4403	1596
4404	1596
4405	1596
4406	1613
4407	1600
4408	1596
4409	1587
4410	1577
4411	1577
4412	1577
4413	1611
4414	1632
4415	1653
4416	1655
4417	1601
4418	1601
4419	1601
4420	1616
4421	1615
4422	1636
4423	1640
4424	1622
4425	1622
4426	1622
4427	1648
4428	1655
4429	1648
4430	1674
4431	1665
4432	1665
4433	1665
4434	1678
4435	1670
4436	1680
4437	1675
4438	1687
4439	1687
4440	1687
4441	1702
4442	1702
4443	1720
4444	1730
4445	1681
4446	1681
4447	1681
4448	1705
4449	1688
4450	1663
4451	1647
4452	1631
4453	1631
4454	1631
4455	1631
4456	1633
4457	1630
4458	1669
4459	1636
4460	1636
4461	1636
4462	1636
4463	1621
4464	1642
4465	1657
4466	1656
4467	1656
4468	1656
4469	1673
4470	1680
4471	1697
4472	1681
4473	1672
4474	1672
4475	1672
4476	1685
4477	1690
4478	1685
4479	1674
4480	1688
4481	1688
4482	1688
4483	1648
4484	1654
4485	1689
4486	1689
4487	1689
4488	1689
4489	1689
4490	1714
4491	1691
4492	1662
4493	1671
4494	1655
4495	1655
4496	1655
4497	1643
4498	1647
4499	1640
4500	1644
4501	1648
4502	1648
4503	1648
4504	1648
4505	1606
4506	1596
4507	1554
4508	1552
4509	1552
4510	1552
4511	1560
4512	1543
4513	1554
4514	1552
4515	1538
4516	1538
4517	1538
4518	1557
4519	1550
4520	1561
4521	1564
4522	1581
4523	1581
4524	1581
4525	1575
4526	1595
4527	1590
4528	1602
4529	1619
4530	1619
4531	1619
4532	1619
4533	1618
4534	1625
4535	1609
4536	1600
4537	1600
4538	1600
4539	1631
4540	1635
4541	1637
4542	1645
4543	1629
4544	1629
4545	1629
4546	1608
4547	1584
4548	1599
4549	1585
4550	1592
4551	1592
4552	1592
4553	1592
4554	1580
4555	1608
4556	1628
4557	1631
4558	1631
4559	1631
4560	1631
4561	1613
4562	1632
4563	1636
4564	1609
4565	1609
4566	1609
4567	1609
4568	1584
4569	1564
4570	1580
4571	1571
4572	1571
4573	1571
4574	1513
4575	1530
4576	1561
4577	1565
4578	1537
4579	1537
4580	1537
4581	1560
4582	1576
4583	1572
4584	1572
4585	1590
4586	1590
4587	1590
4588	1597
4589	1586
4590	1593
4591	1634
4592	1599
4593	1599
4594	1599
4595	1614
4596	1613
4597	1593
4598	1570
4599	1586
4600	1586
4601	1586
4602	1586
4603	1567
4604	1597
4605	1654
4606	1646
4607	1646
4608	1646
4609	1629
4610	1611
4611	1595
4612	1624
4613	1643
4614	1643
4615	1643
4616	1643
4617	1639
4618	1638
4619	1626
4620	1627
4621	1627
4622	1627
4623	1605
4624	1660
4625	1649
4626	1637
4627	1659
4628	1659
4629	1659
4630	1680
4631	1688
4632	1670
4633	1670
4634	1703
4635	1703
4636	1703
4637	1670
4638	1664
4639	1683
4640	1660
4641	1654
4642	1654
4643	1654
4644	1633
4645	1602
4646	1623
4647	1577
4648	1590
4649	1590
4650	1590
4651	1581
4652	1599
4653	1591
4654	1590
4655	1594
4656	1594
4657	1594
4658	1565
4659	1575
4660	1598
4661	1578
4662	1564
4663	1564
4664	1564
4665	1601
4666	1619
4667	1625
4668	1633
4669	1631
4670	1631
4671	1631
4672	1631
4673	1613
4674	1604
4675	1607
4676	1604
4677	1604
4678	1604
4679	1605
4680	1614
4681	1614
4682	1631
4683	1617
4684	1617
4685	1617
4686	1619
4687	1629
4688	1655
4689	1669
4690	1678
4691	1678
4692	1678
4693	1678
4694	1671
4695	1654
4696	1659
4697	1648
4698	1648
4699	1648
4700	1648
4701	1636
4702	1660
4703	1657
4704	1657
4705	1657
4706	1657
4707	1655
4708	1646
4709	1637
4710	1639
4711	1635
4712	1635
4713	1635
4714	1636
4715	1639
4716	1632
4717	1601
4718	1587
4719	1587
4720	1587
4721	1578
4722	1567
4723	1553
4724	1538
4725	1538
4726	1538
4727	1538
4728	1536
4729	1529
4730	1530
4731	1552
4732	1541
4733	1541
4734	1541
4735	1550
4736	1546
4737	1547
4738	1539
4739	1541
4740	1541
4741	1541
4742	1541
4743	1540
4744	1571
4745	1599
4746	1599
4747	1599
4748	1599
4749	1599
4750	1637
4751	1619
4752	1602
4753	1592
4754	1592
4755	1592
4756	1592
4757	1589
4758	1606
4759	1584
4760	1577
4761	1577
4762	1577
4763	1591
4764	1570
4765	1587
4766	1567
4767	1554
4768	1554
4769	1554
4770	1562
4771	1558
4772	1580
4773	1589
4774	1557
4775	1557
4776	1557
4777	1563
4778	1581
4779	1576
4780	1567
4781	1546
4782	1546
4783	1546
4784	1537
4785	1536
4786	1527
4787	1488
4788	1505
4789	1505
4790	1505
4791	1536
4792	1550
4793	1548
4794	1566
4795	1544
4796	1544
4797	1544
4798	1534
4799	1520
4800	1512
4801	1523
4802	1536
4803	1536
4804	1536
4805	1527
4806	1522
4807	1510
4808	1504
4809	1522
4810	1522
4811	1522
4812	1528
4813	1528
4814	1523
4815	1515
4816	1522
4817	1522
4818	1522
4819	1517
4820	1514
4821	1521
4822	1511
4823	1510
4824	1510
4825	1510
4826	1510
4827	1490
4828	1497
4829	1514
4830	1519
4831	1519
4832	1519
4833	1521
4834	1507
4835	1471
4836	1471
4837	1471
4838	1471
4839	1471
4840	1455
4841	1483
4842	1470
4843	1463
4844	1459
4845	1459
4846	1459
4847	1467
4848	1475
4849	1474
4850	1464
4851	1438
4852	1438
4853	1438
4854	1444
4855	1477
4856	1485
4857	1496
4858	1499
4859	1499
4860	1499
4861	1502
4862	1494
4863	1483
4864	1503
4865	1495
4866	1495
4867	1495
4868	1478
4869	1478
4870	1477
4871	1499
4872	1508
4873	1508
4874	1508
4875	1501
4876	1490
4877	1515
4878	1526
4879	1521
4880	1521
4881	1521
4882	1521
4883	1490
4884	1510
4885	1509
4886	1521
4887	1521
4888	1521
4889	1537
4890	1544
4891	1515
4892	1520
4893	1535
4894	1535
4895	1535
4896	1547
4897	1529
4898	1523
4899	1532
4900	1525
4901	1525
4902	1525
4903	1525
4904	1511
4905	1524
4906	1523
4907	1524
4908	1524
4909	1524
4910	1524
4911	1548
4912	1553
4913	1574
4914	1584
4915	1584
4916	1584
4917	1543
4918	1535
4919	1535
4920	1523
4921	1555
4922	1555
4923	1555
4924	1536
4925	1527
4926	1524
4927	1520
4928	1518
4929	1518
4930	1518
4931	1518
4932	1501
4933	1501
4934	1501
4935	1480
4936	1480
4937	1480
4938	1475
4939	1501
4940	1471
4941	1474
4942	1468
4943	1468
4944	1468
4945	1455
4946	1458
4947	1459
4948	1428
4949	1428
4950	1428
4951	1428
4952	1425
4953	1443
4954	1445
4955	1443
4956	1442
4957	1442
4958	1442
4959	1422
4960	1432
4961	1432
4962	1439
4963	1443
4964	1443
4965	1443
4966	1432
4967	1432
4968	1441
4969	1435
4970	1453
4971	1453
4972	1453
4973	1454
4974	1457
4975	1451
4976	1452
4977	1418
4978	1418
4979	1418
4980	1418
4981	1435
4982	1422
4983	1412
4984	1402
4985	1402
4986	1402
4987	1391
4988	1379
4989	1421
4990	1417
4991	1427
4992	1427
4993	1427
4994	1439
4995	1426
4996	1415
4997	1412
4998	1417
4999	1417
5000	1417
5001	1400
5002	1403
5003	1402
5004	1390
5005	1381
5006	1381
5007	1381
5008	1383
5009	1373
5010	1374
5011	1377
5012	1379
5013	1379
5014	1379
5015	1385
5016	1377
5017	1379
5018	1396
5019	1386
5020	1386
5021	1386
5022	1367
5023	1400
5024	1402
5025	1427
5026	1424
5027	1424
5028	1424
5029	1426
5030	1410
5031	1408
5032	1428
5033	1429
5034	1429
5035	1429
5036	1429
5037	1464
5038	1450
5039	1440
5040	1441
5041	1441
5042	1441
5043	1447
5044	1452
5045	1471
5046	1493
5047	1501
5048	1501
5049	1501
5050	1504
5051	1502
5052	1485
5053	1484
5054	1484
5055	1484
5056	1484
5057	1484
5058	1505
5059	1491
5060	1481
5061	1465
5062	1465
5063	1465
5064	1465
5065	1446
5066	1441
5067	1435
5068	1453
5069	1453
5070	1453
5071	1458
5072	1468
5073	1481
5074	1482
5075	1492
5076	1492
5077	1492
5078	1478
5079	1498
5080	1492
5081	1490
5082	1486
5083	1486
5084	1486
5085	1481
5086	1478
5087	1484
5088	1472
5089	1474
5090	1474
5091	1474
5092	1469
5093	1484
5094	1499
5095	1493
5096	1500
5097	1500
5098	1500
5099	1498
5100	1497
5101	1507
5102	1515
5103	1542
5104	1542
5105	1542
5106	1552
5107	1552
5108	1550
5109	1552
5110	1585
5111	1585
5112	1585
5113	1585
5114	1585
5115	1616
5116	1613
5117	1619
5118	1619
5119	1619
5120	1619
5121	1625
5122	1591
5123	1571
5124	1584
5125	1584
5126	1584
5127	1589
5128	1578
5129	1574
5130	1561
5131	1572
5132	1572
5133	1572
5134	1552
5135	1531
5136	1539
5137	1556
5138	1555
5139	1555
5140	1555
5141	1557
5142	1598
5143	1610
5144	1619
5145	1610
5146	1610
5147	1610
5148	1597
5149	1564
5150	1578
5151	1572
5152	1571
5153	1571
5154	1571
5155	1581
5156	1582
5157	1592
5158	1582
5159	1581
5160	1581
5161	1581
5162	1583
5163	1592
5164	1582
5165	1604
5166	1596
5167	1596
5168	1596
5169	1587
5170	1591
5171	1575
5172	1566
5173	1565
5174	1565
5175	1565
5176	1547
5177	1508
5178	1506
5179	1507
5180	1512
5181	1512
5182	1512
5183	1537
5184	1558
5185	1566
5186	1570
5187	1540
5188	1540
5189	1540
5190	1542
5191	1534
5192	1534
5193	1523
5194	1540
5195	1540
5196	1540
5197	1540
5198	1560
5199	1561
5200	1578
5201	1559
5202	1559
5203	1559
5204	1541
5205	1525
5206	1518
5207	1525
5208	1519
5209	1519
5210	1519
5211	1527
5212	1516
5213	1523
5214	1517
5215	1518
5216	1518
5217	1518
5218	1506
5219	1506
5220	1519
5221	1519
5222	1519
5223	1519
5224	1519
5225	1520
5226	1515
5227	1530
5228	1529
5229	1548
5230	1548
5231	1548
5232	1557
5233	1563
5234	1563
5235	1547
5236	1539
5237	1539
5238	1539
5239	1527
5240	1533
5241	1568
5242	1579
5243	1569
5244	1569
5245	1569
5246	1557
5247	1555
5248	1558
5249	1570
5250	1565
5251	1565
5252	1565
5253	1543
5254	1549
5255	1552
5256	1551
5257	1568
5258	1568
5259	1568
5260	1571
5261	1571
5262	1565
5263	1560
5264	1555
5265	1555
5266	1555
5267	1555
5268	1597
5269	1565
5270	1573
5271	1581
5272	1581
5273	1581
5274	1570
5275	1544
5276	1535
5277	1552
5278	1554
5279	1554
5280	1554
5281	1580
5282	1562
5283	1564
5284	1561
5285	1578
5286	1578
5287	1578
5288	1578
5289	1577
5290	1578
5291	1559
5292	1568
5293	1568
5294	1568
5295	1568
5296	1573
5297	1566
5298	1579
5299	1575
5300	1575
5301	1575
5302	1573
5303	1554
5304	1557
5305	1559
5306	1569
5307	1569
5308	1569
5309	1553
5310	1572
5311	1584
5312	1601
5313	1640
5314	1640
5315	1640
5316	1663
5317	1674
5318	1684
5319	1698
5320	1708
5321	1708
5322	1708
5323	1709
5324	1719
5325	1744
5326	1744
5327	1713
5328	1713
5329	1713
5330	1753
5331	1834
5332	1834
5333	1856
5334	1858
5335	1858
5336	1858
5337	1849
5338	1873
5339	1911
5340	1898
5341	1917
5342	1917
5343	1917
5344	1917
5345	1873
5346	1872
5347	1862
5348	1841
5349	1841
5350	1841
5351	1864
5352	1882
5353	1971
5354	2053
5355	2058
5356	2058
5357	2058
5358	2026
5359	2022
5360	2042
5361	2111
5362	2087
5363	2087
5364	2087
5365	1961
5366	1968
5367	1951
5368	1970
5369	1965
5370	1965
5371	1965
5372	1958
5373	1929
5374	1939
5375	1938
5376	1928
5377	1928
5378	1928
5379	1956
5380	2031
5381	2052
5382	2060
5383	1985
5384	1985
5385	1985
5386	1950
5387	1929
5388	1921
5389	1941
5390	1962
5391	1962
5392	1962
5393	1942
5394	1930
5395	1949
5396	1975
5397	1974
5398	1974
5399	1974
5400	1974
5401	1942
5402	1961
5403	1919
5404	1944
5405	1944
5406	1944
5407	1922
5408	1962
5409	1944
5410	1922
5411	1909
5412	1909
5413	1909
5414	1979
5415	1963
5416	1920
5417	1957
5418	1964
5419	1964
5420	1964
5421	1964
5422	1952
5423	1925
5424	1872
5425	1875
5426	1875
5427	1875
5428	1875
5429	1813
5430	1821
5431	1876
5432	1891
5433	1891
5434	1891
5435	1856
5436	1862
5437	1891
5438	1896
5439	1890
5440	1890
5441	1890
5442	1883
5443	1863
5444	1889
5445	1921
5446	1908
5447	1908
5448	1908
5449	1921
5450	1903
5451	1918
5452	1916
5453	1877
5454	1877
5455	1877
5456	1868
5457	1827
5458	1833
5459	1815
5460	1829
5461	1829
5462	1829
5463	1837
5464	1841
5465	1836
5466	1820
5467	1809
5468	1809
5469	1809
5470	1821
5471	1853
5472	1853
5473	1869
5474	1855
5475	1855
5476	1855
5477	1888
5478	1888
5479	1888
5480	1901
5481	1878
5482	1878
5483	1878
5484	1878
5485	1934
5486	1904
5487	1927
5488	1874
5489	1874
5490	1874
5491	1885
5492	1901
5493	1873
5494	1892
5495	1919
5496	1919
5497	1919
5498	1928
5499	1928
5500	1936
5501	1907
5502	1898
5503	1898
5504	1898
5505	1930
5506	1999
5507	1961
5508	1907
5509	1944
5510	1944
5511	1944
5512	1968
5513	1943
5514	1920
5515	1901
5516	1930
5517	1930
5518	1930
5519	1947
5520	1968
5521	1954
5522	1917
5523	1920
5524	1920
5525	1920
5526	1923
5527	1933
5528	1961
5529	2006
5530	2012
5531	2012
5532	2012
5533	2028
5534	2071
5535	2019
5536	2000
5537	2035
5538	2035
5539	2035
5540	1956
5541	1910
5542	1868
5543	1918
5544	1948
5545	1948
5546	1948
5547	2015
5548	2065
5549	2075
5550	2099
5551	2144
5552	2144
5553	2144
5554	1999
5555	1709
5556	1618
5557	1649
5558	1603
5559	1603
5560	1603
5561	1603
5562	1641
5563	1798
5564	1835
5565	1852
5566	1852
5567	1852
5568	1861
5569	1837
5570	1816
5571	1839
5572	1853
5573	1853
5574	1853
5575	1855
5576	1862
5577	1895
5578	1895
5579	1895
5580	1895
5581	1895
5582	1896
5583	1888
5584	1924
5585	1963
5586	1965
5587	1965
5588	1965
5589	1936
5590	1933
5591	1947
5592	1936
5593	1979
5594	1979
5595	1979
5596	1989
5597	1975
5598	1970
5599	1942
5600	1942
5601	1942
5602	1942
5603	1877
5604	1915
5605	1862
5606	1920
5607	1890
5608	1890
5609	1890
5610	1870
5611	1937
5612	1932
5613	1952
5614	1971
5615	1971
5616	1971
5617	2051
5618	2148
5619	2105
5620	2137
5621	2088
5622	2088
5623	2088
5624	2088
5625	2067
5626	2072
5627	2069
5628	2076
5629	2076
5630	2076
5631	2103
5632	2170
5633	2145
5634	2061
5635	2053
5636	2053
5637	2053
5638	2015
5639	2040
5640	2065
5641	2093
5642	2153
5643	2153
5644	2153
5645	2153
5646	2064
5647	2095
5648	2106
5649	2130
5650	2130
5651	2130
5652	2130
5653	2144
5654	2122
5655	2137
5656	2106
5657	2106
5658	2106
5659	2106
5660	2164
5661	2155
5662	2181
5663	2109
5664	2109
5665	2109
5666	2112
5667	2132
5668	2104
5669	2155
5670	2200
5671	2200
5672	2200
5673	2182
5674	2221
5675	2210
5676	2245
5677	2245
5678	2245
5679	2245
5680	2245
5681	2282
5682	2398
5683	2594
5684	2690
5685	2690
5686	2690
5687	2667
5688	2883
5689	2815
5690	2908
5691	2784
5692	2784
5693	2784
5694	2889
5695	2936
5696	2967
5697	3271
5698	3271
5699	3271
5700	3271
5701	3434
5702	3427
5703	3409
5704	3116
5705	3179
5706	3179
5707	3179
5708	3179
5709	3274
5710	3446
5711	3323
5712	3281
5713	3281
5714	3281
5715	3304
5716	3322
5717	3294
5718	3264
5719	3346
5720	3346
5721	3346
5722	3307
5723	3293
5724	3421
5725	3254
5726	3160
5727	3160
5728	3160
5729	3192
5730	3194
5731	3222
5732	3171
5733	3225
5734	3225
5735	3225
5736	3205
5737	3196
5738	3262
5739	3260
5740	3194
5741	3194
5742	3194
5743	3241
5744	3212
5745	2979
5746	2931
5747	2767